g_3_4bOeEF8H,55-67
g_3_4bOeEF8H,56-67
g_3_4bOeEF8H,57-67
g_3_4bOeEF8H,58-67
g_3_4bOeEF8H,58-70
g_3_4bOeEF8H,61-70
g_3_4bOeEF8H,61-71
g_3_4bOeEF8H,61-72
g_3_4bOeEF8H,63-72
g_3_4bOeEF8H,63-75
g_3_4bOeEF8H,65-75
g_3_4bOeEF8H,65-76
g_3_4bOeEF8H,65-77
g_3_4bOeEF8H,68-77
g_3_4bOeEF8H,68-80
g_3_4bOeEF8H,70-80
g_3_4bOeEF8H,71-80
g_3_4bOeEF8H,72-80
g_3_4bOeEF8H,72-81
g_3_4bOeEF8H,72-82
g_3_4bOeEF8H,72-83
g_3_4bOeEF8H,74-83
g_3_4bOeEF8H,76-83
g_3_4bOeEF8H,76-85
g_3_4bOeEF8H,76-86
g_3_4bOeEF8H,76-87
g_3_4bOeEF8H,77-87
g_3_4bOeEF8H,77-90
g_3_4bOeEF8H,79-90
g_3_4bOeEF8H,81-90
g_3_4bOeEF8H,81-91
g_3_4bOeEF8H,83-91