g_3_zcPsu6mB,41-32
g_3_zcPsu6mB,41-34
g_3_zcPsu6mB,42-34
g_3_zcPsu6mB,42-36
g_3_zcPsu6mB,43-36
g_3_zcPsu6mB,44-36
g_3_zcPsu6mB,44-38
g_3_zcPsu6mB,46-38
g_3_zcPsu6mB,46-40
g_3_zcPsu6mB,48-40
g_3_zcPsu6mB,48-41
g_3_zcPsu6mB,48-42
g_3_zcPsu6mB,51-42
g_3_zcPsu6mB,51-45
g_3_zcPsu6mB,53-45
g_3_zcPsu6mB,53-48
g_3_zcPsu6mB,53-51
g_3_zcPsu6mB,53-54
g_3_zcPsu6mB,53-55
g_3_zcPsu6mB,53-56
g_3_zcPsu6mB,53-58
g_3_zcPsu6mB,56-58
g_3_zcPsu6mB,56-60
g_3_zcPsu6mB,56-61
g_3_zcPsu6mB,56-62
g_3_zcPsu6mB,56-63
g_3_zcPsu6mB,56-64
g_3_zcPsu6mB,56-66