matchId,eventTime
g_3_UZCDFHBn,24.03. 18:30
g_3_EVvGhsts,24.03. 17:00
g_3_zDD9Gcdt,24.03. 17:00
g_3_nNBnA9BE,24.03. 13:00
g_3_8WCrBkd8,24.03. 12:30
g_3_hOUemn41,23.03. 20:45
g_3_6RYan6J7,23.03. 20:45
g_3_KAWmk8Zl,23.03. 18:00
g_3_b1VilSle,23.03. 18:00
g_3_Y3RsLwlP,17.03. 18:30
g_3_xjTOfUBR,17.03. 17:00
g_3_vaFjjlKr,17.03. 17:00
g_3_UPPGdjsF,17.03. 12:30
g_3_rTTKeAdL,17.03. 12:30
g_3_8Ay8bCC2,16.03. 20:45
g_3_n1zCcWR8,16.03. 20:45
g_3_dnradfBO,16.03. 18:00
g_3_KfrQZSZ1,16.03. 18:00
g_3_IeqeczdI,10.03. 18:30
g_3_bufHyk5k,10.03. 17:00
g_3_t4qMz9Ke,10.03. 17:00
g_3_UP3osBsS,10.03. 12:30
g_3_n5jDxVkq,10.03. 12:30
g_3_jZ4sriSL,09.03. 20:45
g_3_YcAxqXCF,09.03. 20:45
g_3_0pCUpgr3,09.03. 18:00
g_3_f7BYqDc9,09.03. 18:00
g_3_CbtmadR5,03.03. 18:30
g_3_OYqibGtC,03.03. 18:30
g_3_ns8QoZSd,03.03. 17:00
g_3_6oVwOVzj,03.03. 12:30
g_3_pxUsNkjd,03.03. 12:30
g_3_A1U8TiDS,02.03. 20:45
g_3_CAGzPBLq,02.03. 20:45
g_3_EZz0VDrG,02.03. 18:00
g_3_Sxu4UXcM,02.03. 18:00
g_3_UZjr0xCa,11.02. 18:30
g_3_OprmYFbc,11.02. 17:00
g_3_tMxhXZD3,11.02. 17:00
g_3_pfqqZeqi,11.02. 12:30
g_3_KCydWgT9,11.02. 12:30
g_3_Wje1AC6j,10.02. 20:45
g_3_KGicBhip,10.02. 20:45
g_3_EZEUFYrT,10.02. 18:00
g_3_zqGQGETM,10.02. 18:00
g_3_jqhv1Idg,04.02. 18:30
g_3_SICIIzaA,04.02. 18:30
g_3_69BMHfEG,04.02. 17:00
g_3_pfNDJGq4,04.02. 13:00
g_3_WjJ9KdUc,04.02. 12:30
g_3_xUJ5LxFi,03.02. 20:45
g_3_bwL1MIao,03.02. 20:45
g_3_Kh5aVhRI,03.02. 18:00
g_3_dISSDQeo,03.02. 18:00
g_3_M9mz2bsm,28.01. 18:30
g_3_xxC37KJP,28.01. 17:00
g_3_rJlW2vSt,28.01. 17:00
g_3_QV5eWYBC,28.01. 13:00
g_3_CS1iXEd6,28.01. 12:30
g_3_jDDrZzSg,27.01. 20:45
g_3_U3CnYfs0,27.01. 20:45
g_3_rmAzyccs,27.01. 18:00
g_3_Mw9vzHCm,27.01. 18:00
g_3_AVJHqHRI,21.01. 18:30
g_3_OY7a804J,21.01. 17:00
g_3_vLE4tJZJ,21.01. 17:00
g_3_QHQMHZdJ,21.01. 12:30
g_3_x6X7uwkQ,21.01. 12:30
g_3_nRRIIFsD,20.01. 20:45
g_3_UkXDJeS6,20.01. 20:45
g_3_jaY9KyD0,20.01. 18:00
g_3_dxZ5LHcf,20.01. 18:00
g_3_rZU1Mcrl,14.01. 18:00
g_3_0AucNwTs,14.01. 17:00
g_3_t8cvtkvo,14.01. 17:00
g_3_MNG7oBGN,14.01. 12:30
g_3_4n6CpVVT,14.01. 12:30
g_3_z7IamXoB,13.01. 20:45
g_3_rXH3ni1H,13.01. 20:45
g_3_dGJelDW4,13.01. 18:00
g_3_EiUjkgHb,13.01. 18:00
g_3_b1gVRJKQ,07.01. 18:30
g_3_jyfRSa5K,07.01. 17:00AOT
g_3_CpeNTujE,07.01. 17:00
g_3_6RQriFnn,07.01. 12:30
g_3_0lQnjZ1h,07.01. 12:30
g_3_S0eYWB1U,06.01. 20:45
g_3_SzSvheXu,06.01. 20:45
g_3_fmcQYXWH,06.01. 18:00
g_3_lAdUXinO,06.01. 18:00
g_3_d2vNZDHB,31.12. 12:30
g_3_zmjEyzma,30.12. 20:45
g_3_EwkIzf25,30.12. 20:45
g_3_6DoAxGXh,30.12. 18:00
g_3_SMn6wdIn,29.12. 20:30
g_3_pbc1vx3t,29.12. 20:30
g_3_8x6ZrIfP,28.12. 20:30
g_3_fZHiKYHO,28.12. 20:30
g_3_AuHv5dDD,27.12. 21:00
g_3_GrJmLE2I,23.12. 20:45
g_3_dxDz6xb7,23.12. 18:30
g_3_2FDW6Ir1,23.12. 18:00
g_3_zX1jMfmC,22.12. 21:30
g_3_dt3nNzY5,22.12. 21:00
g_3_2J3rOGIa,22.12. 20:30
g_3_lGavPd3g,22.12. 19:00
g_3_AHYiE0jR,17.12. 18:30
g_3_SdLJ9Kbr,17.12. 18:00
g_3_6iAZPxlm,17.12. 17:00
g_3_z9J3VbQP,17.12. 12:30
g_3_S0BVQIYt,17.12. 12:30
g_3_dIKaWvBJ,16.12. 20:45
g_3_bsVmFtyL,16.12. 20:45
g_3_fDtH7eYI,16.12. 18:00
g_3_rwwD8yJC,16.12. 18:00
g_3_OOES7bTf,13.12. 20:30
g_3_6mKN8vEl,12.12. 20:30
g_3_GIuqGMLE,10.12. 18:30
g_3_lCmchJT7,10.12. 17:00
g_3_xStuH268,10.12. 17:00AOT
g_3_lGw99H36,10.12. 12:30
g_3_APv5Acl0,10.12. 12:30
g_3_EcodCJJm,09.12. 20:45
g_3_hlp0BwZg,09.12. 20:45
g_3_8bJOURZE,09.12. 18:00
g_3_KznhDa4s,09.12. 18:00
g_3_ALlggaE1,03.12. 18:30
g_3_Sdalfuae,03.12. 17:00
g_3_EgepeLqk,03.12. 17:00
g_3_QZTJV7K8,03.12. 13:00
g_3_nqVFWm52,03.12. 12:30
g_3_YRRY74S1,02.12. 20:45AOT
g_3_fyTU8pDe,02.12. 20:45
g_3_CCwQ9Qck,02.12. 18:00
g_3_b9ZLA6rq,02.12. 18:00
g_3_tUnfFnzS,26.11. 18:30AOT
g_3_2wljGSKL,26.11. 17:00
g_3_KWetd1Ur,26.11. 17:00
g_3_6BfsIlj9,26.11. 12:30
g_3_p2goH85F,26.11. 12:30
g_3_0EiZJALd,25.11. 20:45
g_3_ClewJUz3,25.11. 20:45
g_3_dtRhBIHd,25.11. 18:00
g_3_IN9E0sMR,25.11. 18:00
g_3_j1wI1N6L,19.11. 18:30
g_3_CAvE23iF,19.11. 17:00
g_3_dIr6KMfA,19.11. 17:00
g_3_lGNpDvmp,19.11. 12:30
g_3_n7yJHKvT,19.11. 12:30
g_3_IkSlCb2j,19.11. 12:30
g_3_jurAJtAG,18.11. 20:45
g_3_4rnEI0PM,18.11. 20:45
g_3_IRq2L2u4,18.11. 18:00
g_3_ImuA3qx9,12.11. 18:30
g_3_bPT0NOAi,12.11. 17:00
g_3_xGS4MrQc,12.11. 17:00
g_3_pMuJbuYj,12.11. 13:00
g_3_WIyFaLIp,12.11. 12:30AOT
g_3_Qyan41AT,11.11. 20:45
g_3_no0r5seN,11.11. 20:45
g_3_vLdz73QA,11.11. 18:00
g_3_IBev6NuH,11.11. 18:00
g_3_4py64PM2,05.11. 18:30
g_3_2ucNutp2,05.11. 17:00
g_3_OlbJtMUe,05.11. 17:00
g_3_bBlS8Peb,05.11. 12:30
g_3_dd7V7qB4,05.11. 12:30
g_3_QcjKAoRo,04.11. 20:45
g_3_4lkO95th,04.11. 20:45
g_3_lt7yn2lo,04.11. 18:00
g_3_nXK9jrtU,04.11. 18:00
g_3_hAL5iOQN,29.10. 18:30
g_3_v7H1h4BH,29.10. 17:00AOT
g_3_fFgFs2Fk,29.10. 17:00
g_3_drSdgpdB,29.10. 12:30
g_3_IiThfQt5,29.10. 12:30
g_3_ARTle6Rb,28.10. 21:15
g_3_WzVpdnCh,28.10. 20:45
g_3_lCutcSdn,28.10. 18:45
g_3_z9yxb8st,28.10. 18:30
g_3_OWOUkBkJ,22.10. 18:30
g_3_ptQQjizD,22.10. 17:00
g_3_GOfBrr0q,22.10. 17:00
g_3_S4VLiXK6,22.10. 13:00
g_3_zRts0AVG,22.10. 12:30
g_3_lEWHhD50,21.10. 20:45
g_3_fiXDggjf,21.10. 20:45
g_3_rHT9fZzl,21.10. 18:00
g_3_0hv5eFLs,21.10. 18:00
g_3_Ojww1jGA,15.10. 18:30
g_3_bqhw0eDQ,15.10. 17:00
g_3_UTwZ1W04,15.10. 17:00
g_3_U9mZ0ybK,15.10. 12:30
g_3_jJlV1HrE,15.10. 12:30
g_3_zB6rvEj7,14.10. 20:45
g_3_lEAnwY5D,14.10. 20:45
g_3_2c8ztzMf,14.10. 18:00
g_3_tl7vufy1,14.10. 18:00
g_3_GW4DQfM7,11.10. 20:00
g_3_jwuV2Cob,08.10. 18:30
g_3_Y1pQ3hWi,08.10. 17:00
g_3_fBoM4YGo,08.10. 17:00
g_3_zyxvsG6l,08.10. 13:00
g_3_dpwzrdir,08.10. 12:30
g_3_Q1n4mITK,08.10. 12:30
g_3_v5j8nxqR,07.10. 20:45AOT
g_3_4nbekva8,07.10. 18:00
g_3_rwcalbEE,07.10. 18:00
g_3_rJUDx1F2,04.10. 20:00
g_3_xt69Rz71,01.10. 18:30
g_3_fHG4SGie,01.10. 17:00AOT
g_3_rsD0Tdxk,01.10. 17:00
g_3_lKDdUxNr,01.10. 12:30
g_3_nBRUYIER,01.10. 12:30
g_3_jqYLzupF,30.09. 20:45
g_3_UZWPZbaL,30.09. 20:45
g_3_dMYHyLU8,30.09. 18:00
g_3_tEjVDHx2,29.09. 21:00
g_3_2NiREcNe,29.09. 20:30
g_3_fchNFw8k,29.09. 19:00AOT
g_3_G6gJGJhq,28.09. 20:30
g_3_APGjLapS,28.09. 20:00
g_3_dMCnMuVL,27.09. 21:00
g_3_2aDrNLFF,27.09. 20:30
g_3_O8EvO109,27.09. 20:00
g_3_6XJZOso3,24.09. 18:30
g_3_EwXm1vgd,24.09. 17:00
g_3_StLVPNVd,24.09. 17:00
g_3_GhEp2Kwj,24.09. 13:00
g_3_YTOu30Oq,24.09. 12:30
g_3_SUd8L8vB,23.09. 20:45
g_3_d41CKSgH,23.09. 20:45
g_3_lvb4MlP4,23.09. 18:00AOT
g_3_6F8aNU9b,23.09. 18:00