g_3_E9VrHHOb,39-45
g_3_E9VrHHOb,40-45
g_3_E9VrHHOb,41-45
g_3_E9VrHHOb,41-46
g_3_E9VrHHOb,43-46
g_3_E9VrHHOb,46-46
g_3_E9VrHHOb,48-46
g_3_E9VrHHOb,48-48
g_3_E9VrHHOb,51-48
g_3_E9VrHHOb,53-48
g_3_E9VrHHOb,53-51
g_3_E9VrHHOb,53-54
g_3_E9VrHHOb,56-54
g_3_E9VrHHOb,56-55
g_3_E9VrHHOb,56-56
g_3_E9VrHHOb,57-56
g_3_E9VrHHOb,58-56
g_3_E9VrHHOb,58-58
g_3_E9VrHHOb,58-59
g_3_E9VrHHOb,58-60
g_3_E9VrHHOb,58-62
g_3_E9VrHHOb,58-63
g_3_E9VrHHOb,61-63
g_3_E9VrHHOb,63-63
g_3_E9VrHHOb,65-63
g_3_E9VrHHOb,65-65
g_3_E9VrHHOb,68-65