g_3_xprXrRD8,62-54
g_3_xprXrRD8,62-56
g_3_xprXrRD8,62-57
g_3_xprXrRD8,62-60
g_3_xprXrRD8,65-60
g_3_xprXrRD8,67-60
g_3_xprXrRD8,67-62
g_3_xprXrRD8,67-63
g_3_xprXrRD8,67-64
g_3_xprXrRD8,67-67
g_3_xprXrRD8,68-67
g_3_xprXrRD8,71-67
g_3_xprXrRD8,73-67
g_3_xprXrRD8,73-68
g_3_xprXrRD8,75-68
g_3_xprXrRD8,76-68
g_3_xprXrRD8,76-71
g_3_xprXrRD8,77-71
g_3_xprXrRD8,78-71
g_3_xprXrRD8,79-71
g_3_xprXrRD8,79-74
g_3_xprXrRD8,80-74
g_3_xprXrRD8,81-74
g_3_xprXrRD8,82-74
g_3_xprXrRD8,83-74
g_3_xprXrRD8,83-75
g_3_xprXrRD8,83-76