g_3_2ZRvIc9h,69-64
g_3_2ZRvIc9h,69-66
g_3_2ZRvIc9h,69-67
g_3_2ZRvIc9h,69-69
g_3_2ZRvIc9h,71-69
g_3_2ZRvIc9h,74-69
g_3_2ZRvIc9h,74-71
g_3_2ZRvIc9h,77-71
g_3_2ZRvIc9h,77-73
g_3_2ZRvIc9h,80-73
g_3_2ZRvIc9h,81-73
g_3_2ZRvIc9h,82-73
g_3_2ZRvIc9h,84-73
g_3_2ZRvIc9h,84-74
g_3_2ZRvIc9h,84-75
g_3_2ZRvIc9h,84-77
g_3_2ZRvIc9h,84-78
g_3_2ZRvIc9h,84-79
g_3_2ZRvIc9h,86-79
g_3_2ZRvIc9h,86-81
g_3_2ZRvIc9h,89-81
g_3_2ZRvIc9h,89-83
g_3_2ZRvIc9h,89-85
g_3_2ZRvIc9h,91-85
g_3_2ZRvIc9h,91-87
g_3_2ZRvIc9h,93-87
g_3_2ZRvIc9h,93-90
g_3_2ZRvIc9h,95-90
g_3_2ZRvIc9h,95-92
g_3_2ZRvIc9h,97-92