g_3_zNMsaivS,57-66
g_3_zNMsaivS,57-68
g_3_zNMsaivS,57-70
g_3_zNMsaivS,57-71
g_3_zNMsaivS,59-71
g_3_zNMsaivS,61-71
g_3_zNMsaivS,63-71
g_3_zNMsaivS,66-71
g_3_zNMsaivS,68-71
g_3_zNMsaivS,71-71
g_3_zNMsaivS,71-73
g_3_zNMsaivS,73-73
g_3_zNMsaivS,73-75
g_3_zNMsaivS,74-75
g_3_zNMsaivS,75-75
g_3_zNMsaivS,75-77
g_3_zNMsaivS,78-77
g_3_zNMsaivS,78-79
g_3_zNMsaivS,81-79
g_3_zNMsaivS,81-81
g_3_zNMsaivS,82-81
g_3_zNMsaivS,82-83
g_3_zNMsaivS,82-84
g_3_zNMsaivS,84-84
g_3_zNMsaivS,85-84
g_3_zNMsaivS,85-85
g_3_zNMsaivS,85-86
g_3_zNMsaivS,85-87
g_3_zNMsaivS,85-89