g_3_UocQbz9U,38-38
g_3_UocQbz9U,38-40
g_3_UocQbz9U,38-41
g_3_UocQbz9U,38-43
g_3_UocQbz9U,38-44
g_3_UocQbz9U,40-44
g_3_UocQbz9U,41-44
g_3_UocQbz9U,41-47
g_3_UocQbz9U,42-47
g_3_UocQbz9U,43-47
g_3_UocQbz9U,43-50
g_3_UocQbz9U,44-50
g_3_UocQbz9U,45-50
g_3_UocQbz9U,46-50
g_3_UocQbz9U,46-53
g_3_UocQbz9U,49-53
g_3_UocQbz9U,49-54
g_3_UocQbz9U,49-55
g_3_UocQbz9U,49-57
g_3_UocQbz9U,51-57
g_3_UocQbz9U,53-57
g_3_UocQbz9U,53-58
g_3_UocQbz9U,53-59
g_3_UocQbz9U,54-59
g_3_UocQbz9U,55-59
g_3_UocQbz9U,55-61
g_3_UocQbz9U,56-61
g_3_UocQbz9U,57-61
g_3_UocQbz9U,58-61
g_3_UocQbz9U,59-61
g_3_UocQbz9U,59-63
g_3_UocQbz9U,60-63
g_3_UocQbz9U,61-63
g_3_UocQbz9U,61-65