g_3_OWb4cp9F,55-56
g_3_OWb4cp9F,58-56
g_3_OWb4cp9F,60-56
g_3_OWb4cp9F,60-59
g_3_OWb4cp9F,62-59
g_3_OWb4cp9F,65-59
g_3_OWb4cp9F,67-59
g_3_OWb4cp9F,69-59
g_3_OWb4cp9F,69-62
g_3_OWb4cp9F,71-62
g_3_OWb4cp9F,71-63
g_3_OWb4cp9F,74-63
g_3_OWb4cp9F,76-63
g_3_OWb4cp9F,76-66
g_3_OWb4cp9F,78-66
g_3_OWb4cp9F,79-66
g_3_OWb4cp9F,79-69
g_3_OWb4cp9F,81-69
g_3_OWb4cp9F,81-70
g_3_OWb4cp9F,81-71
g_3_OWb4cp9F,83-71
g_3_OWb4cp9F,83-73
g_3_OWb4cp9F,84-73
g_3_OWb4cp9F,85-73
g_3_OWb4cp9F,85-76
g_3_OWb4cp9F,87-76
g_3_OWb4cp9F,87-77
g_3_OWb4cp9F,87-79