g_3_zBI9y3nd,13-23
g_3_zBI9y3nd,15-23
g_3_zBI9y3nd,15-26
g_3_zBI9y3nd,15-29
g_3_zBI9y3nd,17-29
g_3_zBI9y3nd,17-30
g_3_zBI9y3nd,19-30
g_3_zBI9y3nd,19-32
g_3_zBI9y3nd,19-33
g_3_zBI9y3nd,19-35
g_3_zBI9y3nd,19-37
g_3_zBI9y3nd,19-40
g_3_zBI9y3nd,21-40
g_3_zBI9y3nd,24-40
g_3_zBI9y3nd,24-42
g_3_zBI9y3nd,26-42
g_3_zBI9y3nd,27-42
g_3_zBI9y3nd,28-42
g_3_zBI9y3nd,30-42
g_3_zBI9y3nd,30-44
g_3_zBI9y3nd,31-44
g_3_zBI9y3nd,32-44
g_3_zBI9y3nd,32-46
g_3_zBI9y3nd,34-46
g_3_zBI9y3nd,34-47
g_3_zBI9y3nd,34-48
g_3_zBI9y3nd,36-48
g_3_zBI9y3nd,37-48
g_3_zBI9y3nd,38-48