g_3_zoTOjLAg,49-56
g_3_zoTOjLAg,51-56
g_3_zoTOjLAg,51-58
g_3_zoTOjLAg,51-61
g_3_zoTOjLAg,52-61
g_3_zoTOjLAg,53-61
g_3_zoTOjLAg,53-63
g_3_zoTOjLAg,53-64
g_3_zoTOjLAg,55-64
g_3_zoTOjLAg,56-64
g_3_zoTOjLAg,56-65
g_3_zoTOjLAg,56-66
g_3_zoTOjLAg,58-66
g_3_zoTOjLAg,58-67
g_3_zoTOjLAg,58-68
g_3_zoTOjLAg,59-68
g_3_zoTOjLAg,60-68
g_3_zoTOjLAg,60-70
g_3_zoTOjLAg,61-70
g_3_zoTOjLAg,62-70
g_3_zoTOjLAg,62-71
g_3_zoTOjLAg,62-72
g_3_zoTOjLAg,62-73
g_3_zoTOjLAg,62-74
g_3_zoTOjLAg,64-74
g_3_zoTOjLAg,64-75
g_3_zoTOjLAg,64-76
g_3_zoTOjLAg,66-76
g_3_zoTOjLAg,66-77
g_3_zoTOjLAg,66-78
g_3_zoTOjLAg,66-79
g_3_zoTOjLAg,66-80
g_3_zoTOjLAg,67-80
g_3_zoTOjLAg,68-80