g_3_86PQRYxH,36-28
g_3_86PQRYxH,36-29
g_3_86PQRYxH,36-32
g_3_86PQRYxH,39-32
g_3_86PQRYxH,40-32
g_3_86PQRYxH,41-32
g_3_86PQRYxH,41-34
g_3_86PQRYxH,41-35
g_3_86PQRYxH,41-36
g_3_86PQRYxH,42-36
g_3_86PQRYxH,43-36
g_3_86PQRYxH,43-38
g_3_86PQRYxH,45-38
g_3_86PQRYxH,47-38
g_3_86PQRYxH,47-39
g_3_86PQRYxH,47-40
g_3_86PQRYxH,49-40
g_3_86PQRYxH,52-40
g_3_86PQRYxH,52-41
g_3_86PQRYxH,52-42
g_3_86PQRYxH,52-44
g_3_86PQRYxH,53-44
g_3_86PQRYxH,56-44
g_3_86PQRYxH,56-45
g_3_86PQRYxH,56-46
g_3_86PQRYxH,56-47
g_3_86PQRYxH,56-48
g_3_86PQRYxH,59-48